-- Generated by scripts/import-legacy/generate-import-sql.mjs
begin;

insert into public.events (
  slug,
  name,
  starts_on,
  ends_on,
  is_active
)
values (
  'spring-shootout-2025',
  'Spring Shootout 2025',
  '2025-05-02',
  '2025-05-04',
  false
)
on conflict (slug) do nothing;

delete from legacy.game_results;
delete from legacy.schedule;
delete from legacy.team_pools;
delete from legacy.team_contacts;
delete from legacy.registrations;
delete from legacy.sent_emails;
delete from legacy.welcome_emails;
delete from legacy.pools;
delete from legacy.contact_roles;
delete from legacy.contacts;
delete from legacy.teams;
insert into legacy.teams (team_id, team_name)
values
  ('3', 'Outdoor Hoops u11'),
  ('13', 'Outdoor Hoops u12 - 2'),
  ('5', 'Outdoor Hoops u13 - 1'),
  ('14', 'Outdoor Hoops u13 - 2'),
  ('4', 'Outdoor Hoops u12 - 1'),
  ('50', 'Sackville Titans U13'),
  ('47', 'Saint John Shadows'),
  ('52', 'Moncton Hawks - u12'),
  ('9', 'Woodstock Thunder'),
  ('51', 'Push u12 Girls'),
  ('12', 'Sports Additive Selects'),
  ('54', 'Island Aces u13 - 2'),
  ('18', 'Island Aces u13 - 1'),
  ('46', 'The Waves Basketball Club U13'),
  ('25', 'UNB Jr Reds u11'),
  ('26', 'UNB Jr Reds u12'),
  ('7', 'Bedford Elite Lushman'),
  ('6', 'Bedford Elite Wide'),
  ('2', 'Cape Breton Dream'),
  ('15', 'Surge Fever '),
  ('17', 'Fall River Royals u11'),
  ('16', 'Fall River Royals u13'),
  ('8', 'NXT Level U13'),
  ('10', 'Bedford Elite - u13'),
  ('11', 'Bedford Elite White'),
  ('19', 'Evolution Basketball Academy'),
  ('1', 'Island Aces u11'),
  ('53', 'Moncton Hawks U11');

insert into legacy.contacts (contact_id, contact_name, email_address, phone_number)
values
  ('1', 'Jason MacDonald', 'jasonmacpei@hotmail.com', '(902) 626-1936'),
  ('2', 'James Williams', 'cbdreambasketball@gmail.com', '(902) 371-4403'),
  ('3', 'Mat MacDonald', 'outdoorhoopsns@gmail.com', '(902) 872-2011'),
  ('6', 'Lucas Wide', 'lucas.wide@gmail.com', '(902) 440-7729'),
  ('8', 'Troy Mackenzie', 'nxtlevelball@hotmail.com', '(506) 962-3559'),
  ('9', 'Timm Peck', 'crys_790@hotmail.com', '(506) 612-2633'),
  ('12', 'Dennis Wright', 'sportsadditive@gmail.com', '(902) 943-9374'),
  ('15', 'Jill Powell', 'jillpowell17@gmail.com', '(506) 608-4908'),
  ('16', 'Roberta Sullivan', 'royals@fallriverroyals.ca', '(902) 222-0115'),
  ('18', 'Chris Huggan', 'chrishuggan@gmail.com', '(902) 330-7195'),
  ('19', 'Janet Heppell', 'evolutionbballacademy@gmail.com', '(902) 452-1644'),
  ('20', 'Jeff Walker', 'jeffgwalker@gmail.com', '9023881633'),
  ('29', 'Erin McAleenan', 'erin.mcaleenan@unb.ca', '5062625657'),
  ('30', 'PEter Kelly', 'peter.kelly@unb.ca', '5064618029'),
  ('41', 'Karen Cameron', 'karen@cameronlawpei.com', '902-432-4146'),
  ('42', 'Ella Hoyt', 'ellahoyt4@icloud.com', '5062260944'),
  ('44', 'John MacLellan', 'johnmaclellan19@gmail.com', '9022028715'),
  ('45', 'Heather Delaney', 'h.delaney@outlook.com', '506-940-7709'),
  ('46', 'Jonathan Penny', 'fewerdarlene@gmail.com', '902-578-0676'),
  ('47', 'Nick Robichaud', 'nickrobichaud@hotmail.com', '506-227-2678'),
  ('48', 'Jill Saunders', 'jilly.flanny@gmail.com', '(506)866-9193'),
  ('49', 'Doug Thompson', 'dougthompson34@hotmail.com', '1 (506) 478-4858‬');

insert into legacy.contact_roles (role_id, role_name)
values
  ('1', 'Head Coach'),
  ('2', 'Assistant Coach'),
  ('3', 'Manager'),
  ('4', 'Parent'),
  ('5', 'Other');

insert into legacy.pools (pool_id, pool_name)
values
  ('1', 'u11 Pool A'),
  ('2', 'u11 Pool B'),
  ('3', 'u12 Pool A'),
  ('4', 'u12 Pool B'),
  ('5', 'u13 Pool A'),
  ('6', 'u13 Pool B'),
  ('7', 'u13 Pool C'),
  ('8', 'u13 Pool D');

insert into legacy.registrations (registration_id, team_id, contact_id, division, class, province, note, year, paid, status)
values
  ('3', '3', '3', 'u11', 'Div2', 'NS', '.', '2025', 'f', '2'),
  ('35', '50', '45', 'u13', 'Div4', 'PEI', 'We are classed as a U13 team, however we only have one grade 7 that has bumped up our age.', '2025', 't', '1'),
  ('32', '47', '1', 'u12', 'Div1', 'PEI', '', '2025', 't', '1'),
  ('37', '52', '1', 'u12', 'Div1', 'PEI', '', '2025', 't', '1'),
  ('13', '13', '3', 'u12', 'Div2', 'NS', '.', '2025', 'f', '1'),
  ('5', '5', '3', 'u13', 'Div2', 'NS', '.', '2025', 'f', '1'),
  ('14', '14', '3', 'u13', 'Div2', 'NS', '.', '2025', 'f', '1'),
  ('4', '4', '3', 'u12', 'Div2', 'NS', '..', '2025', 'f', '1'),
  ('9', '9', '9', 'u13', 'Div2', 'NB', 'Registering tentatively.  Need to ensure my schedule doesn’t conflict with the dates.  ', '2025', 't', '1'),
  ('36', '51', '1', 'u12', 'Div2', 'PEI', '', '2025', 'f', '2'),
  ('12', '12', '12', 'u13', 'Div2', 'PEI', 'Have travelled up to participate in Josh Whitty tourney last year in PEI as well as shootout in NB', '2025', 'f', '2'),
  ('7', '7', '6', 'u11', 'Div2', 'NS', 'Love coming to the island.', '2025', 't', '1'),
  ('6', '6', '6', 'u11', 'Div2', 'NS', 'We''d like to bring a two teams', '2025', 't', '1'),
  ('2', '2', '2', 'u13', 'Div4', 'NS', 'Hello, I spoke with Jason Macdonald on Facebook messenger to ask if it would be okay that we have 1 U14 aged player, who is newer to the game, play in the U13 division (assuming she is able to attend) We also have 1 U12 player on our roster. We are a brand new team and are looking for opportunities to travel and experience basketball in different provinces! Thank you for your consideration! ', '2025', 't', '1'),
  ('15', '15', '15', 'u12', 'Div1', 'NB', 'N/A', '2025', 't', '1'),
  ('17', '17', '16', 'u11', 'Div2', 'NS', 'We are a new team', '2025', 't', '1'),
  ('16', '16', '16', 'u13', 'Div3', 'NS', 'We are a new team, at least half are U12.', '2025', 't', '1'),
  ('8', '8', '8', 'u13', 'Div1', 'NB', 'We are a young u13 team, but relatively competitive ', '2025', 't', '1'),
  ('10', '10', '6', 'u13', 'Div2', 'NS', 'N/A', '2025', 't', '1'),
  ('11', '11', '6', 'u13', 'Div3', 'NS', 'NA', '2025', 't', '1'),
  ('19', '19', '19', 'u12', 'Div1', 'NS', ' ', '2025', 't', '1'),
  ('1', '1', '1', 'u11', 'Div1', 'PEI', 'nothing', '2025', 't', '1'),
  ('39', '54', '1', 'u13', 'Division 1', 'PEI', '', '2025', 'f', '1'),
  ('18', '18', '18', 'u13', 'Div1', 'PEI', 'nothing', '2025', 't', '1'),
  ('38', '53', '1', 'u11', 'Division 1', 'PEI', 'Team of grade 5’s all born in 2014', '2025', 't', '1'),
  ('31', '46', '41', 'u13', 'Div1', 'PEI', 'Summerside', '2025', 't', '1'),
  ('23', '25', '1', 'u11', 'Division 1', 'PEI', 'Head Coach is Doug Thompson - dougthompson34@hotmail.com', '2025', 't', '1'),
  ('24', '26', '1', 'u12', 'Div1', 'PEI', 'Head Coach - Peter Kelly', '2025', 't', '1');

insert into legacy.team_contacts (team_id, contact_id, role_id, team_contact_id, created_at, updated_at)
values
  ('1', '1', '1', '1', '2025-03-09 14:46:15.246524', '2025-03-09 14:46:15.246524'),
  ('2', '2', '1', '2', '2025-03-09 14:46:15.246524', '2025-03-09 14:46:15.246524'),
  ('3', '3', '1', '3', '2025-03-09 14:46:15.246524', '2025-03-09 14:46:15.246524'),
  ('6', '6', '1', '4', '2025-03-09 14:46:15.246524', '2025-03-09 14:46:15.246524'),
  ('8', '8', '1', '5', '2025-03-09 14:46:15.246524', '2025-03-09 14:46:15.246524'),
  ('9', '9', '1', '6', '2025-03-09 14:46:15.246524', '2025-03-09 14:46:15.246524'),
  ('12', '12', '1', '7', '2025-03-09 14:46:15.246524', '2025-03-09 14:46:15.246524'),
  ('15', '15', '3', '8', '2025-03-09 14:46:15.246524', '2025-03-09 14:46:15.246524'),
  ('16', '16', '5', '9', '2025-03-09 14:46:15.246524', '2025-03-09 14:46:15.246524'),
  ('18', '18', '1', '10', '2025-03-09 14:46:15.246524', '2025-03-09 14:46:15.246524'),
  ('4', '3', '1', '11', '2025-03-09 14:46:15.246524', '2025-03-09 14:46:15.246524'),
  ('5', '3', '1', '12', '2025-03-09 14:46:15.246524', '2025-03-09 14:46:15.246524'),
  ('13', '3', '1', '13', '2025-03-09 14:46:15.246524', '2025-03-09 14:46:15.246524'),
  ('14', '3', '1', '14', '2025-03-09 14:46:15.246524', '2025-03-09 14:46:15.246524'),
  ('17', '16', '5', '15', '2025-03-09 14:46:15.246524', '2025-03-09 14:46:15.246524'),
  ('7', '6', '1', '16', '2025-03-09 14:46:15.246524', '2025-03-09 14:46:15.246524'),
  ('10', '6', '3', '17', '2025-03-09 14:46:15.246524', '2025-03-09 14:46:15.246524'),
  ('11', '6', '3', '18', '2025-03-09 14:46:15.246524', '2025-03-09 14:46:15.246524'),
  ('19', '19', '1', '19', '2025-03-09 14:46:15.246524', '2025-03-09 14:46:15.246524'),
  ('26', '30', '1', '20', '2025-03-09 14:46:15.246524', '2025-03-09 14:46:15.246524'),
  ('25', '29', '1', '21', '2025-03-09 14:46:15.246524', '2025-03-09 14:46:15.246524'),
  ('26', '29', '1', '22', '2025-03-09 14:46:15.246524', '2025-03-09 14:46:15.246524'),
  ('1', '20', '2', '23', '2025-03-09 14:46:15.246524', '2025-03-09 14:46:15.246524'),
  ('46', '41', '1', '27', '2025-03-12 14:08:04.758282', '2025-03-12 14:08:04.758282'),
  ('47', '42', '1', '28', '2025-03-20 07:53:32.583406', '2025-03-20 07:53:32.583406'),
  ('50', '45', '3', '31', '2025-03-29 14:25:05.148611', '2025-03-29 14:25:05.148611'),
  ('51', '46', '1', '32', '2025-03-29 16:51:11.822142', '2025-03-29 16:51:11.822142'),
  ('52', '47', '2', '33', '2025-03-31 10:53:57.16822', '2025-03-31 10:53:57.16822'),
  ('53', '48', '3', '34', '2025-04-01 21:21:01.568028', '2025-04-01 21:21:01.568028'),
  ('51', '44', '2', '37', '2025-04-10 11:20:01.174191', '2025-04-10 11:20:01.174191'),
  ('25', '49', '1', '38', '2025-04-10 12:12:20.412949', '2025-04-10 12:12:20.412949'),
  ('54', '18', '1', '39', '2025-04-28 10:13:57.626295', '2025-04-28 10:13:57.626295');

insert into legacy.team_pools (team_id, pool_id)
values
  ('7', '1'),
  ('6', '2'),
  ('17', '1'),
  ('1', '2'),
  ('25', '2'),
  ('53', '1'),
  ('19', '3'),
  ('26', '4'),
  ('52', '3'),
  ('4', '3'),
  ('13', '4'),
  ('47', '3'),
  ('15', '4'),
  ('10', '8'),
  ('11', '6'),
  ('2', '7'),
  ('16', '5'),
  ('18', '5'),
  ('54', '8'),
  ('8', '6'),
  ('5', '7'),
  ('14', '6'),
  ('50', '8'),
  ('46', '7'),
  ('9', '5');

insert into legacy.schedule (game_id, home_team_id, away_team_id, game_time, game_date, gym, game_type, home_uniform, away_uniform, placeholder_home, placeholder_away, game_category)
values
  ('1', '1', '6', '16:00:00', '2025-05-02', 'Town Hall', 'u11', null, null, null, null, 'pool'),
  ('3', '19', '52', '16:00:00', '2025-05-02', 'Stonepark', 'u12', null, null, null, null, 'pool'),
  ('4', '14', '11', '17:30:00', '2025-05-02', 'Town Hall', 'u13', null, null, null, null, 'pool'),
  ('6', '18', '16', '17:30:00', '2025-05-02', 'Stonepark', 'u13', null, null, null, null, 'pool'),
  ('7', '46', '5', '17:30:00', '2025-05-02', 'Rural', 'u13', null, null, null, null, 'pool'),
  ('10', '53', '17', '09:30:00', '2025-05-03', 'Glen Stewart', 'u11', null, null, null, null, 'pool'),
  ('11', '6', '25', '09:30:00', '2025-05-03', 'Rural', 'u11', null, null, null, null, 'pool'),
  ('12', '18', '9', '09:30:00', '2025-05-03', 'Stonepark', 'u13', null, null, null, null, 'pool'),
  ('13', '8', '11', '09:30:00', '2025-05-03', 'Colonel Grey', 'u13', null, null, null, null, 'pool'),
  ('14', '52', '4', '11:00:00', '2025-05-03', 'Glen Stewart', 'u12', null, null, null, null, 'pool'),
  ('15', '19', '47', '11:00:00', '2025-05-03', 'Stonepark', 'u12', null, null, null, null, 'pool'),
  ('16', '10', '50', '11:00:00', '2025-05-03', 'Rural', 'u13', null, null, null, null, 'pool'),
  ('17', '5', '2', '11:00:00', '2025-05-03', 'Colonel Grey', 'u13', null, null, null, null, 'pool'),
  ('18', '1', '25', '12:30:00', '2025-05-03', 'Glen Stewart', 'u11', null, null, null, null, 'pool'),
  ('19', '7', '17', '12:30:00', '2025-05-03', 'Stonepark', 'u11', null, null, null, null, 'pool'),
  ('20', '9', '16', '12:30:00', '2025-05-03', 'Rural', 'u13', null, null, null, null, 'pool'),
  ('21', '8', '14', '12:30:00', '2025-05-03', 'Colonel Grey', 'u13', null, null, null, null, 'pool'),
  ('22', '52', '47', '14:00:00', '2025-05-03', 'Rural', 'u12', null, null, null, null, 'pool'),
  ('23', '15', '13', '14:00:00', '2025-05-03', 'Glen Stewart', 'u12', null, null, null, null, 'pool'),
  ('24', '54', '50', '14:00:00', '2025-05-03', 'Stonepark', 'u13', null, null, null, null, 'pool'),
  ('25', '46', '2', '14:00:00', '2025-05-03', 'Colonel Grey', 'u13', null, null, null, null, 'pool'),
  ('26', '19', '4', '15:30:00', '2025-05-03', 'Glen Stewart', 'u12', null, null, null, null, 'pool'),
  ('8', '26', '13', '19:00:00', '2025-05-02', 'Rural', 'u12', null, null, null, null, 'pool'),
  ('29', '17', '6', '18:30:00', '2025-05-03', 'Glen Stewart', 'u11', null, null, 'u11 Pool A2', 'u11 Pool B3', 'quarterfinal'),
  ('33', '2', '10', '17:00:00', '2025-05-03', 'Rural', 'u13', null, null, 'u13 Pool C2', 'u13 Pool D2', 'semifinal'),
  ('36', '9', '11', '18:30:00', '2025-05-03', 'Colonel Grey', 'u13', null, null, 'u13 Pool A3', 'u13 Pool B3', 'semifinal'),
  ('42', '13', '4', '09:30:00', '2025-05-04', 'Glen Stewart', 'u12', null, null, 'u12 Pool B3', 'u12 Pool A4', 'semifinal'),
  ('44', '26', '47', '11:00:00', '2025-05-04', 'Stonepark', 'u12', null, null, 'u12 Pool B1', 'u12 Pool A2', 'semifinal'),
  ('27', '26', '15', '17:00:00', '2025-05-03', 'Stonepark', 'u12', null, null, null, null, 'pool'),
  ('9', '10', '54', '19:00:00', '2025-05-02', 'Stonepark', 'u13', null, null, null, null, 'pool'),
  ('43', '52', '15', '11:00:00', '2025-05-04', 'Rural', 'u12', null, null, 'u12 Pool A1', 'u12 Pool B2', 'semifinal'),
  ('2', '7', '53', '16:00:00', '2025-05-02', 'Glen Stewart', 'u11', null, null, null, null, 'pool'),
  ('5', '47', '4', '17:30:00', '2025-05-02', 'Glen Stewart', 'u12', null, null, null, null, 'pool'),
  ('46', null, null, '14:00:00', '2025-05-04', 'UPEI', 'u12', null, null, 'Winner of Game #43', 'Winner of Game #44', 'final'),
  ('30', '25', '17', '09:30:00', '2025-05-04', 'Stonepark', 'u11', null, null, 'u11 Pool B1', 'Winner of Game #29', 'semifinal'),
  ('31', '53', '1', '09:30:00', '2025-05-04', 'Rural', 'u11', null, null, 'u11 Pool A1', 'Winner of Game #28', 'semifinal'),
  ('38', '14', '2', '11:00:00', '2025-05-04', 'UPEI', 'u13', null, null, 'Winner of Game #47', 'Winner of Game #33', 'final'),
  ('40', '18', '8', '12:30:00', '2025-05-04', 'Rural', 'u13', null, null, 'u13 Pool A1', 'u13 Pool B1', 'semifinal'),
  ('37', '5', '11', '09:30:00', '2025-05-04', 'UPEI', 'u13', null, null, 'Winner of Game #35', 'Winner of Game #36', 'final'),
  ('35', '5', '50', '18:30:00', '2025-05-03', 'Rural', 'u13', null, null, 'u13 Pool C3', 'u13 Pool D3', 'semifinal'),
  ('28', '7', '1', '17:00:00', '2025-05-03', 'Glen Stewart', 'u11', null, null, 'u11 Pool A3', 'u11 Pool B2', 'quarterfinal'),
  ('41', null, null, '15:30:00', '2025-05-04', 'UPEI', 'u13', null, null, 'Winner of Game #40', 'Winner of Game #39', 'final'),
  ('32', '25', '53', '12:30:00', '2025-05-04', 'UPEI', 'u11', null, null, 'Winner of Game #30', 'Winner of Game #31', 'final'),
  ('45', '4', '19', '11:30:00', '2025-05-04', 'Glen Stewart', 'u12', null, null, 'Winner of Game #42', 'u12 Pool A3', 'semifinal'),
  ('47', '16', '14', '17:00:00', '2025-05-03', 'Colonel Grey', 'u13', null, null, 'u13 Pool A2', 'u13 Pool B2', 'semifinal'),
  ('39', '46', '54', '12:30:00', '2025-05-04', 'Stonepark', 'u13', null, null, 'u13 Pool C1', 'u13 Pool D1', 'semifinal');

insert into legacy.game_results (game_id, team_id, points_for, points_against, win, loss, created_at, updated_at)
values
  ('2', '7', '5', '97', '0', '1', '2025-05-02 16:02:51.69803', '2025-05-02 16:02:51.69803'),
  ('2', '53', '97', '5', '1', '0', '2025-05-02 16:02:51.69803', '2025-05-02 16:02:51.69803'),
  ('1', '1', '48', '14', '1', '0', '2025-05-02 16:31:33.610068', '2025-05-02 16:31:33.610068'),
  ('1', '6', '14', '48', '0', '1', '2025-05-02 16:31:33.610068', '2025-05-02 16:31:33.610068'),
  ('3', '19', '20', '36', '0', '1', '2025-05-02 16:46:10.81742', '2025-05-02 16:46:10.81742'),
  ('3', '52', '36', '20', '1', '0', '2025-05-02 16:46:10.81742', '2025-05-02 16:46:10.81742'),
  ('5', '47', '44', '24', '1', '0', '2025-05-02 17:36:28.50056', '2025-05-02 17:36:28.50056'),
  ('5', '4', '24', '44', '0', '1', '2025-05-02 17:36:28.50056', '2025-05-02 17:36:28.50056'),
  ('7', '46', '46', '39', '1', '0', '2025-05-02 17:52:15.154485', '2025-05-02 17:52:15.154485'),
  ('7', '5', '39', '46', '0', '1', '2025-05-02 17:52:15.154485', '2025-05-02 17:52:15.154485'),
  ('4', '14', '51', '24', '1', '0', '2025-05-02 18:08:09.058089', '2025-05-02 18:08:09.058089'),
  ('4', '11', '24', '51', '0', '1', '2025-05-02 18:08:09.058089', '2025-05-02 18:08:09.058089'),
  ('8', '26', '82', '12', '1', '0', '2025-05-02 19:04:46.203631', '2025-05-02 19:04:46.203631'),
  ('8', '13', '12', '82', '0', '1', '2025-05-02 19:04:46.203631', '2025-05-02 19:04:46.203631'),
  ('9', '10', '23', '59', '0', '1', '2025-05-02 19:42:17.253416', '2025-05-02 19:42:17.253416'),
  ('9', '54', '59', '23', '1', '0', '2025-05-02 19:42:17.253416', '2025-05-02 19:42:17.253416'),
  ('6', '18', '44', '24', '1', '0', '2025-05-02 19:42:56.237971', '2025-05-02 19:42:56.237971'),
  ('6', '16', '24', '44', '0', '1', '2025-05-02 19:42:56.237971', '2025-05-02 19:42:56.237971'),
  ('13', '8', '64', '13', '1', '0', '2025-05-03 09:47:45.25554', '2025-05-03 09:47:45.25554'),
  ('13', '11', '13', '64', '0', '1', '2025-05-03 09:47:45.25554', '2025-05-03 09:47:45.25554'),
  ('11', '6', '4', '66', '0', '1', '2025-05-03 09:49:19.094287', '2025-05-03 09:49:19.094287'),
  ('11', '25', '66', '4', '1', '0', '2025-05-03 09:49:19.094287', '2025-05-03 09:49:19.094287'),
  ('12', '18', '61', '24', '1', '0', '2025-05-03 09:54:36.311014', '2025-05-03 09:54:36.311014'),
  ('12', '9', '24', '61', '0', '1', '2025-05-03 09:54:36.311014', '2025-05-03 09:54:36.311014'),
  ('10', '53', '36', '20', '1', '0', '2025-05-03 09:58:30.215452', '2025-05-03 09:58:30.215452'),
  ('10', '17', '20', '36', '0', '1', '2025-05-03 09:58:30.215452', '2025-05-03 09:58:30.215452'),
  ('14', '52', '55', '19', '1', '0', '2025-05-03 11:01:49.611416', '2025-05-03 11:01:49.611416'),
  ('14', '4', '19', '55', '0', '1', '2025-05-03 11:01:49.611416', '2025-05-03 11:01:49.611416'),
  ('16', '10', '38', '14', '1', '0', '2025-05-03 11:13:13.712467', '2025-05-03 11:13:13.712467'),
  ('16', '50', '14', '38', '0', '1', '2025-05-03 11:13:13.712467', '2025-05-03 11:13:13.712467'),
  ('15', '19', '18', '33', '0', '1', '2025-05-03 11:30:40.603388', '2025-05-03 11:30:40.603388'),
  ('15', '47', '33', '18', '1', '0', '2025-05-03 11:30:40.603388', '2025-05-03 11:30:40.603388'),
  ('17', '5', '33', '36', '0', '1', '2025-05-03 11:38:15.949749', '2025-05-03 11:38:15.949749'),
  ('17', '2', '36', '33', '1', '0', '2025-05-03 11:38:15.949749', '2025-05-03 11:38:15.949749'),
  ('21', '8', '46', '38', '1', '0', '2025-05-03 13:11:59.868179', '2025-05-03 13:11:59.868179'),
  ('21', '14', '38', '46', '0', '1', '2025-05-03 13:11:59.868179', '2025-05-03 13:11:59.868179'),
  ('20', '9', '44', '51', '0', '1', '2025-05-03 13:12:49.693131', '2025-05-03 13:12:49.693131'),
  ('20', '16', '51', '44', '1', '0', '2025-05-03 13:12:49.693131', '2025-05-03 13:12:49.693131'),
  ('18', '1', '14', '47', '0', '1', '2025-05-03 13:56:18.293164', '2025-05-03 13:56:18.293164'),
  ('18', '25', '47', '14', '1', '0', '2025-05-03 13:56:18.293164', '2025-05-03 13:56:18.293164'),
  ('19', '7', '7', '61', '0', '1', '2025-05-03 13:57:44.479269', '2025-05-03 13:57:44.479269'),
  ('19', '17', '61', '7', '1', '0', '2025-05-03 13:57:44.479269', '2025-05-03 13:57:44.479269'),
  ('25', '46', '43', '27', '1', '0', '2025-05-03 14:31:38.058982', '2025-05-03 14:31:38.058982'),
  ('25', '2', '27', '43', '0', '1', '2025-05-03 14:31:38.058982', '2025-05-03 14:31:38.058982'),
  ('24', '54', '71', '12', '1', '0', '2025-05-03 15:26:09.135336', '2025-05-03 15:26:09.135336'),
  ('24', '50', '12', '71', '0', '1', '2025-05-03 15:26:09.135336', '2025-05-03 15:26:09.135336'),
  ('26', '19', '44', '29', '1', '0', '2025-05-03 15:41:00.489212', '2025-05-03 15:41:00.489212'),
  ('26', '4', '29', '44', '0', '1', '2025-05-03 15:41:00.489212', '2025-05-03 15:41:00.489212'),
  ('23', '15', '70', '14', '1', '0', '2025-05-03 15:42:02.83223', '2025-05-03 15:42:02.83223'),
  ('23', '13', '14', '70', '0', '1', '2025-05-03 15:42:02.83223', '2025-05-03 15:42:02.83223'),
  ('22', '52', '46', '41', '1', '0', '2025-05-03 14:59:27.951457', '2025-05-03 14:59:27.951457'),
  ('22', '47', '41', '46', '0', '1', '2025-05-03 14:59:27.951457', '2025-05-03 14:59:27.951457'),
  ('28', '7', '7', '72', '0', '1', '2025-05-03 17:15:02.169049', '2025-05-03 17:15:02.169049'),
  ('28', '1', '72', '7', '1', '0', '2025-05-03 17:15:02.169049', '2025-05-03 17:15:02.169049'),
  ('33', '2', '49', '37', '1', '0', '2025-05-03 18:05:15.791381', '2025-05-03 18:05:15.791381'),
  ('33', '10', '37', '49', '0', '1', '2025-05-03 18:05:15.791381', '2025-05-03 18:05:15.791381'),
  ('47', '16', '33', '57', '0', '1', '2025-05-03 18:09:39.756255', '2025-05-03 18:09:39.756255'),
  ('47', '14', '57', '33', '1', '0', '2025-05-03 18:09:39.756255', '2025-05-03 18:09:39.756255'),
  ('36', '9', '21', '22', '0', '1', '2025-05-03 19:06:59.331521', '2025-05-03 19:06:59.331521'),
  ('36', '11', '22', '21', '1', '0', '2025-05-03 19:06:59.331521', '2025-05-03 19:06:59.331521'),
  ('27', '26', '47', '20', '1', '0', '2025-05-03 19:20:34.646243', '2025-05-03 19:20:34.646243'),
  ('27', '15', '20', '47', '0', '1', '2025-05-03 19:20:34.646243', '2025-05-03 19:20:34.646243'),
  ('29', '17', '66', '22', '1', '0', '2025-05-03 19:40:25.801231', '2025-05-03 19:40:25.801231'),
  ('29', '6', '22', '66', '0', '1', '2025-05-03 19:40:25.801231', '2025-05-03 19:40:25.801231'),
  ('35', '5', '62', '11', '1', '0', '2025-05-03 19:57:29.003266', '2025-05-03 19:57:29.003266'),
  ('35', '50', '11', '62', '0', '1', '2025-05-03 19:57:29.003266', '2025-05-03 19:57:29.003266'),
  ('31', '53', '29', '21', '1', '0', '2025-05-04 10:46:34.216755', '2025-05-04 10:46:34.216755'),
  ('31', '1', '21', '29', '0', '1', '2025-05-04 10:46:34.216755', '2025-05-04 10:46:34.216755'),
  ('42', '13', '13', '38', '0', '1', '2025-05-04 11:01:38.596255', '2025-05-04 11:01:38.596255'),
  ('42', '4', '38', '13', '1', '0', '2025-05-04 11:01:38.596255', '2025-05-04 11:01:38.596255'),
  ('37', '5', '49', '19', '1', '0', '2025-05-04 11:04:25.654486', '2025-05-04 11:04:25.654486'),
  ('37', '11', '19', '49', '0', '1', '2025-05-04 11:04:25.654486', '2025-05-04 11:04:25.654486'),
  ('44', '26', '55', '19', '1', '0', '2025-05-04 11:15:53.399392', '2025-05-04 11:15:53.399392'),
  ('44', '47', '19', '55', '0', '1', '2025-05-04 11:15:53.399392', '2025-05-04 11:15:53.399392'),
  ('38', '14', '36', '31', '1', '0', '2025-05-04 11:26:37.970031', '2025-05-04 11:26:37.970031'),
  ('38', '2', '31', '36', '0', '1', '2025-05-04 11:26:37.970031', '2025-05-04 11:26:37.970031'),
  ('30', '25', '50', '16', '1', '0', '2025-05-04 11:17:08.473692', '2025-05-04 11:17:08.473692'),
  ('30', '17', '16', '50', '0', '1', '2025-05-04 11:17:08.473692', '2025-05-04 11:17:08.473692'),
  ('39', '46', '34', '48', '0', '1', '2025-05-04 12:36:33.699322', '2025-05-04 12:36:33.699322'),
  ('39', '54', '48', '34', '1', '0', '2025-05-04 12:36:33.699322', '2025-05-04 12:36:33.699322');

insert into legacy.sent_emails (email_id, sent_at, recipient, subject, body)
values
  ('1', '2025-02-24 20:48:31.86737', 'jasonmacpei@hotmail.com', 'Test again', '<p>This is a test again.</p>'),
  ('2', '2025-02-24 20:49:44.215921', 'mandymacdonald@hotmail.com, jasonmacpei@hotmail.com', 'This is another test', '<p>Hey for testing...</p>
<p>&nbsp;</p>
<h1><strong>HELLO!!!!</strong></h1>'),
  ('3', '2025-02-24 21:21:42.011152', 'jasonmacpei@hotmail.com', 'This is a test', '<p>This is a test</p>'),
  ('4', '2025-02-25 18:50:49.159403', 'jeffgwalker@gmail.com, jasonmacpei@hotmail.com, cbdreambasketball@gmail.com, outdoorhoopsns@gmail.com, lucas.wide@gmail.com, nxtlevelball@hotmail.com, crys_790@hotmail.com, sportsadditive@gmail.com, jillpowell17@gmail.com, royals@fallriverroyals.ca, chrishuggan@gmail.com, evolutionbballacademy@gmail.com', 'Spring Shootout – Initial Tournament Update & Next Steps', '<p class="p1">Dear Coaches and Team Managers,</p>
<p class="p2">&nbsp;</p>
<p class="p1">Thank you for expressing interest in the Spring Shootout! We&rsquo;re excited about this year&rsquo;s tournament and appreciate your involvement.</p>
<p class="p2">&nbsp;</p>
<p class="p1">We are currently working on finalizing the number of teams for each division. As it stands, we have:</p>
<p class="p3">&bull;<span class="Apple-tab-span">&nbsp;</span><span class="s1"><strong>6 teams in U11</strong></span>&nbsp;(aiming for 8)</p>
<p class="p3">&bull;<span class="Apple-tab-span">&nbsp;</span><span class="s1"><strong>5 teams in U12</strong></span>&nbsp;(aiming for 8)</p>
<p class="p3">&bull;<span class="Apple-tab-span">&nbsp;</span><span class="s1"><strong>10 teams in U13</strong></span>&nbsp;(good to go!)</p>
<p class="p2">&nbsp;</p>
<p class="p1">If you know of any teams that might be interested, please share the&nbsp;<span class="s1"><strong>tournament website</strong></span>&nbsp;with them&mdash;we&rsquo;d love to fill those final spots!</p>
<p class="p2">&nbsp;</p>
<p class="p1">A couple of important notes:</p>
<p class="p3">&bull;<span class="Apple-tab-span">&nbsp;</span><span class="s1"><strong>Hotel bookings</strong></span>&nbsp;&ndash; Please&nbsp;<span class="s1"><strong>hold off</strong></span>&nbsp;on booking accommodations. We will provide detailed booking instructions in early March.</p>
<p class="p3">&bull;<span class="Apple-tab-span">&nbsp;</span><span class="s1"><strong>Payment</strong></span>&nbsp;&ndash; We will be collecting team fees by&nbsp;<span class="s1"><strong>March 15</strong></span>. Payment instructions will be sent out in the next week or so.</p>
<p class="p2">&nbsp;</p>
<p class="p1">If you have any questions, feel free to reach out to me at&nbsp;<span class="s1"><strong>jason@springshootout.ca</strong></span>.</p>
<p class="p2">&nbsp;</p>
<p class="p1">Looking forward to a great tournament!</p>
<p class="p2">&nbsp;</p>
<p class="p1">Best,</p>
<p class="p4"><strong>Jason MacDonald</strong></p>
<p class="p1">Spring Shootout Tournament Organizer</p>'),
  ('5', '2025-03-20 23:03:31.224281', 'jasonmacpei@hotmail.com, mandymacdonald@hotmail.com, cbdreambasketball@gmail.com, outdoorhoopsns@gmail.com, lucas.wide@gmail.com, nxtlevelball@hotmail.com, crys_790@hotmail.com, sportsadditive@gmail.com, jillpowell17@gmail.com, royals@fallriverroyals.ca, chrishuggan@gmail.com, evolutionbballacademy@gmail.com, jeffgwalker@gmail.com, erin.mcaleenan@unb.ca, peter.kelly@unb.ca, hello@test.com, karen@cameronlawpei.com, ellahoyt4@icloud.com', 'Spring Shootout Tournament - Hotel Booking and Payment Reminder', 'Hi Coaches and Managers,
I hope your spring season is going well! We''re about six weeks away from our Spring Shootout Tournament, and I wanted to pass along some important updates:
Hotel Booking You can now contact our tournament hotels to arrange accommodations. Coaches or managers should call directly to reserve a block of rooms for your team under "Island Aces Girls Spring Shootout." After the block is set, parents can then individually book their rooms from your team''s reserved block. The tournament rate at both hotels is $189 plus tax per night.
Hampton Inn &amp; Suites 300 Capital Drive, Charlottetown, PEI, C1E 2N1Phone: (902) 368-3551

55 standard rooms with two queen beds
20 standard rooms with one king bed

Holiday Inn Express &amp; Suites 200 Capital Drive, Charlottetown, PE, C1E 2E8Phone: (902) 892-1201

90 standard rooms with two queen beds
10 standard rooms with one king bed

Tournament Payments Payments are now being accepted. The registration fee of $425 is due by April 1 via e-transfer to: jasonmacpei@hotmail.com. If your team anticipates any difficulty meeting this payment deadline, please feel free to reach out privately, and we can discuss alternative arrangements.
Team Registrations We currently have:

U11: 6 teams
U12: 6 teams
U13: 11 teams

I''d love to add one more team to U13 and ideally two more teams each in U11 and U12, bringing each division to 8 teams. Please forward our tournament info to any contacts who might be interested!
If you have any questions or need further assistance, please let me know.
Looking forward to an exciting event!
Thanks, Jason
ps...I was having some issue with jason@springshootout.ca.&nbsp; These have been resolved, but there is a chance I didn''t get some emails, so if I missed responding to one of your emails, feel free to resend, or call or text at (902) 626-1936.'),
  ('6', '2025-03-26 20:32:32.134454', 'mandymacdonald@hotmail.com, jasonmacpei@hotmail.com, cbdreambasketball@gmail.com, outdoorhoopsns@gmail.com, lucas.wide@gmail.com, nxtlevelball@hotmail.com, crys_790@hotmail.com, sportsadditive@gmail.com, jillpowell17@gmail.com, royals@fallriverroyals.ca, chrishuggan@gmail.com, evolutionbballacademy@gmail.com, jeffgwalker@gmail.com, erin.mcaleenan@unb.ca, peter.kelly@unb.ca, hello@test.com, karen@cameronlawpei.com, ellahoyt4@icloud.com, johnmaclellan19@gmail.com', 'Hotel Deadline - April 2', 'Hi Everyone,
Thanks to all those that have sent in your registration - those that didn''t, just a reminder that April 1 is the deadline for holding your spot.
Also, the hotel wants all hotel rooms booked by April 1. &nbsp;If you aren''t planning on staying at one of the tournament hotels, please let me know so that I don''t need to worry about room numbers for you.
That''s is for now.
As always, if you have any questions, please let me know.
Best,
Jason.'),
  ('7', '2025-04-02 14:57:02.385074', 'jeffgwalker@gmail.com, jasonmacpei@hotmail.com, cbdreambasketball@gmail.com, outdoorhoopsns@gmail.com, lucas.wide@gmail.com, nxtlevelball@hotmail.com, crys_790@hotmail.com, sportsadditive@gmail.com, jillpowell17@gmail.com, royals@fallriverroyals.ca, chrishuggan@gmail.com, evolutionbballacademy@gmail.com, erin.mcaleenan@unb.ca, peter.kelly@unb.ca, hello@test.com, karen@cameronlawpei.com, ellahoyt4@icloud.com, johnmaclellan19@gmail.com, h.delaney@outlook.com, fewerdarlene@gmail.com, nickrobichaud@hotmail.com, jilly.flanny@gmail.com', 'Hotel Rooms', 'Hi All,
Just a quick reminder that today is the last day for hotel bookings. &nbsp;If this is a problem, reach out to me ASAP.
As well, there is a couple that I haven''t heard from in terms of the registration fee..please send in or reach out to me as soon as you can so I can confirm your spot. &nbsp;
Regards,
Jason.');

insert into legacy.welcome_emails (id, subject, body, created_at)
values
  ('1', 'Welcome to Spring Shootout 2025', 'Hi everyone,

Welcome to the second annual Spring Shootout 2025!

We’re gearing up for another great tournament. Registrations are rolling in, but we’re still looking for teams in the U11 and U12 divisions. If you know any teams that might be interested, please share our website: www.springshootout.ca.

A few important notes:
	•	Hotel bookings – Please hold off on booking accommodations for now. We’ll provide detailed booking instructions in early March.
	•	Payment – Team fees will be due by March 15. Payment instructions will be sent out next week.

Please note that this email does not guarantee entry into the tournament. Your spot will be secured once payment is received.

If you have any questions, feel free to reach out to me at jason@springshootout.ca.

Looking forward to an exciting tournament!

Best,
Jason MacDonald
Spring Shootout Tournament Organizer', '2025-02-26 09:49:47.569701');


insert into public.contact_roles (legacy_role_id, slug, name)
values
  (1, 'head-coach', 'Head Coach'),
  (2, 'assistant-coach', 'Assistant Coach'),
  (3, 'manager', 'Manager'),
  (4, 'parent', 'Parent'),
  (5, 'other', 'Other')
on conflict (slug) do update
set
  name = excluded.name,
  legacy_role_id = excluded.legacy_role_id;

insert into public.contacts (legacy_contact_id, full_name, email, phone)
values
  (1, 'Jason MacDonald', 'jasonmacpei@hotmail.com', '(902) 626-1936'),
  (2, 'James Williams', 'cbdreambasketball@gmail.com', '(902) 371-4403'),
  (3, 'Mat MacDonald', 'outdoorhoopsns@gmail.com', '(902) 872-2011'),
  (6, 'Lucas Wide', 'lucas.wide@gmail.com', '(902) 440-7729'),
  (8, 'Troy Mackenzie', 'nxtlevelball@hotmail.com', '(506) 962-3559'),
  (9, 'Timm Peck', 'crys_790@hotmail.com', '(506) 612-2633'),
  (12, 'Dennis Wright', 'sportsadditive@gmail.com', '(902) 943-9374'),
  (15, 'Jill Powell', 'jillpowell17@gmail.com', '(506) 608-4908'),
  (16, 'Roberta Sullivan', 'royals@fallriverroyals.ca', '(902) 222-0115'),
  (18, 'Chris Huggan', 'chrishuggan@gmail.com', '(902) 330-7195'),
  (19, 'Janet Heppell', 'evolutionbballacademy@gmail.com', '(902) 452-1644'),
  (20, 'Jeff Walker', 'jeffgwalker@gmail.com', '9023881633'),
  (29, 'Erin McAleenan', 'erin.mcaleenan@unb.ca', '5062625657'),
  (30, 'PEter Kelly', 'peter.kelly@unb.ca', '5064618029'),
  (41, 'Karen Cameron', 'karen@cameronlawpei.com', '902-432-4146'),
  (42, 'Ella Hoyt', 'ellahoyt4@icloud.com', '5062260944'),
  (44, 'John MacLellan', 'johnmaclellan19@gmail.com', '9022028715'),
  (45, 'Heather Delaney', 'h.delaney@outlook.com', '506-940-7709'),
  (46, 'Jonathan Penny', 'fewerdarlene@gmail.com', '902-578-0676'),
  (47, 'Nick Robichaud', 'nickrobichaud@hotmail.com', '506-227-2678'),
  (48, 'Jill Saunders', 'jilly.flanny@gmail.com', '(506)866-9193'),
  (49, 'Doug Thompson', 'dougthompson34@hotmail.com', '1 (506) 478-4858‬')
on conflict (legacy_contact_id) do update
set
  full_name = excluded.full_name,
  email = excluded.email,
  phone = excluded.phone;

insert into public.teams (event_id, legacy_team_id, name, division_name, class_name, province)
select
  e.id,
  data.legacy_team_id,
  data.name,
  data.division_name,
  data.class_name,
  data.province
from (
  select 3::integer as legacy_team_id, 'Outdoor Hoops u11'::text as name, 'u11'::text as division_name, 'Div2'::text as class_name, 'NS'::text as province, 'spring-shootout-2025'::text as event_slug
union all
  select 13::integer as legacy_team_id, 'Outdoor Hoops u12 - 2'::text as name, 'u12'::text as division_name, 'Div2'::text as class_name, 'NS'::text as province, 'spring-shootout-2025'::text as event_slug
union all
  select 5::integer as legacy_team_id, 'Outdoor Hoops u13 - 1'::text as name, 'u13'::text as division_name, 'Div2'::text as class_name, 'NS'::text as province, 'spring-shootout-2025'::text as event_slug
union all
  select 14::integer as legacy_team_id, 'Outdoor Hoops u13 - 2'::text as name, 'u13'::text as division_name, 'Div2'::text as class_name, 'NS'::text as province, 'spring-shootout-2025'::text as event_slug
union all
  select 4::integer as legacy_team_id, 'Outdoor Hoops u12 - 1'::text as name, 'u12'::text as division_name, 'Div2'::text as class_name, 'NS'::text as province, 'spring-shootout-2025'::text as event_slug
union all
  select 50::integer as legacy_team_id, 'Sackville Titans U13'::text as name, 'u13'::text as division_name, 'Div4'::text as class_name, 'PEI'::text as province, 'spring-shootout-2025'::text as event_slug
union all
  select 47::integer as legacy_team_id, 'Saint John Shadows'::text as name, 'u12'::text as division_name, 'Div1'::text as class_name, 'PEI'::text as province, 'spring-shootout-2025'::text as event_slug
union all
  select 52::integer as legacy_team_id, 'Moncton Hawks - u12'::text as name, 'u12'::text as division_name, 'Div1'::text as class_name, 'PEI'::text as province, 'spring-shootout-2025'::text as event_slug
union all
  select 9::integer as legacy_team_id, 'Woodstock Thunder'::text as name, 'u13'::text as division_name, 'Div2'::text as class_name, 'NB'::text as province, 'spring-shootout-2025'::text as event_slug
union all
  select 51::integer as legacy_team_id, 'Push u12 Girls'::text as name, 'u12'::text as division_name, 'Div2'::text as class_name, 'PEI'::text as province, 'spring-shootout-2025'::text as event_slug
union all
  select 12::integer as legacy_team_id, 'Sports Additive Selects'::text as name, 'u13'::text as division_name, 'Div2'::text as class_name, 'PEI'::text as province, 'spring-shootout-2025'::text as event_slug
union all
  select 54::integer as legacy_team_id, 'Island Aces u13 - 2'::text as name, 'u13'::text as division_name, 'Division 1'::text as class_name, 'PEI'::text as province, 'spring-shootout-2025'::text as event_slug
union all
  select 18::integer as legacy_team_id, 'Island Aces u13 - 1'::text as name, 'u13'::text as division_name, 'Div1'::text as class_name, 'PEI'::text as province, 'spring-shootout-2025'::text as event_slug
union all
  select 46::integer as legacy_team_id, 'The Waves Basketball Club U13'::text as name, 'u13'::text as division_name, 'Div1'::text as class_name, 'PEI'::text as province, 'spring-shootout-2025'::text as event_slug
union all
  select 25::integer as legacy_team_id, 'UNB Jr Reds u11'::text as name, 'u11'::text as division_name, 'Division 1'::text as class_name, 'PEI'::text as province, 'spring-shootout-2025'::text as event_slug
union all
  select 26::integer as legacy_team_id, 'UNB Jr Reds u12'::text as name, 'u12'::text as division_name, 'Div1'::text as class_name, 'PEI'::text as province, 'spring-shootout-2025'::text as event_slug
union all
  select 7::integer as legacy_team_id, 'Bedford Elite Lushman'::text as name, 'u11'::text as division_name, 'Div2'::text as class_name, 'NS'::text as province, 'spring-shootout-2025'::text as event_slug
union all
  select 6::integer as legacy_team_id, 'Bedford Elite Wide'::text as name, 'u11'::text as division_name, 'Div2'::text as class_name, 'NS'::text as province, 'spring-shootout-2025'::text as event_slug
union all
  select 2::integer as legacy_team_id, 'Cape Breton Dream'::text as name, 'u13'::text as division_name, 'Div4'::text as class_name, 'NS'::text as province, 'spring-shootout-2025'::text as event_slug
union all
  select 15::integer as legacy_team_id, 'Surge Fever '::text as name, 'u12'::text as division_name, 'Div1'::text as class_name, 'NB'::text as province, 'spring-shootout-2025'::text as event_slug
union all
  select 17::integer as legacy_team_id, 'Fall River Royals u11'::text as name, 'u11'::text as division_name, 'Div2'::text as class_name, 'NS'::text as province, 'spring-shootout-2025'::text as event_slug
union all
  select 16::integer as legacy_team_id, 'Fall River Royals u13'::text as name, 'u13'::text as division_name, 'Div3'::text as class_name, 'NS'::text as province, 'spring-shootout-2025'::text as event_slug
union all
  select 8::integer as legacy_team_id, 'NXT Level U13'::text as name, 'u13'::text as division_name, 'Div1'::text as class_name, 'NB'::text as province, 'spring-shootout-2025'::text as event_slug
union all
  select 10::integer as legacy_team_id, 'Bedford Elite - u13'::text as name, 'u13'::text as division_name, 'Div2'::text as class_name, 'NS'::text as province, 'spring-shootout-2025'::text as event_slug
union all
  select 11::integer as legacy_team_id, 'Bedford Elite White'::text as name, 'u13'::text as division_name, 'Div3'::text as class_name, 'NS'::text as province, 'spring-shootout-2025'::text as event_slug
union all
  select 19::integer as legacy_team_id, 'Evolution Basketball Academy'::text as name, 'u12'::text as division_name, 'Div1'::text as class_name, 'NS'::text as province, 'spring-shootout-2025'::text as event_slug
union all
  select 1::integer as legacy_team_id, 'Island Aces u11'::text as name, 'u11'::text as division_name, 'Div1'::text as class_name, 'PEI'::text as province, 'spring-shootout-2025'::text as event_slug
union all
  select 53::integer as legacy_team_id, 'Moncton Hawks U11'::text as name, 'u11'::text as division_name, 'Division 1'::text as class_name, 'PEI'::text as province, 'spring-shootout-2025'::text as event_slug
) as data
join public.events e on e.slug = data.event_slug
on conflict (event_id, legacy_team_id) do update
set
  name = excluded.name,
  division_name = excluded.division_name,
  class_name = excluded.class_name,
  province = excluded.province;

insert into public.registrations (
  legacy_registration_id,
  event_id,
  team_id,
  primary_contact_id,
  division_name,
  class_name,
  province,
  note,
  status
)
select
  data.legacy_registration_id,
  e.id,
  t.id,
  c.id,
  data.division_name,
  data.class_name,
  data.province,
  data.note,
  data.status::public.registration_status
from (
  select 3::integer as legacy_registration_id, 3::integer as legacy_team_id, 3::integer as legacy_contact_id, 'u11'::text as division_name, 'Div2'::text as class_name, 'NS'::text as province, '.'::text as note, 'withdrawn'::text as status, 'spring-shootout-2025'::text as event_slug
union all
  select 35::integer as legacy_registration_id, 50::integer as legacy_team_id, 45::integer as legacy_contact_id, 'u13'::text as division_name, 'Div4'::text as class_name, 'PEI'::text as province, 'We are classed as a U13 team, however we only have one grade 7 that has bumped up our age.'::text as note, 'approved'::text as status, 'spring-shootout-2025'::text as event_slug
union all
  select 32::integer as legacy_registration_id, 47::integer as legacy_team_id, 1::integer as legacy_contact_id, 'u12'::text as division_name, 'Div1'::text as class_name, 'PEI'::text as province, ''::text as note, 'approved'::text as status, 'spring-shootout-2025'::text as event_slug
union all
  select 37::integer as legacy_registration_id, 52::integer as legacy_team_id, 1::integer as legacy_contact_id, 'u12'::text as division_name, 'Div1'::text as class_name, 'PEI'::text as province, ''::text as note, 'approved'::text as status, 'spring-shootout-2025'::text as event_slug
union all
  select 13::integer as legacy_registration_id, 13::integer as legacy_team_id, 3::integer as legacy_contact_id, 'u12'::text as division_name, 'Div2'::text as class_name, 'NS'::text as province, '.'::text as note, 'approved'::text as status, 'spring-shootout-2025'::text as event_slug
union all
  select 5::integer as legacy_registration_id, 5::integer as legacy_team_id, 3::integer as legacy_contact_id, 'u13'::text as division_name, 'Div2'::text as class_name, 'NS'::text as province, '.'::text as note, 'approved'::text as status, 'spring-shootout-2025'::text as event_slug
union all
  select 14::integer as legacy_registration_id, 14::integer as legacy_team_id, 3::integer as legacy_contact_id, 'u13'::text as division_name, 'Div2'::text as class_name, 'NS'::text as province, '.'::text as note, 'approved'::text as status, 'spring-shootout-2025'::text as event_slug
union all
  select 4::integer as legacy_registration_id, 4::integer as legacy_team_id, 3::integer as legacy_contact_id, 'u12'::text as division_name, 'Div2'::text as class_name, 'NS'::text as province, '..'::text as note, 'approved'::text as status, 'spring-shootout-2025'::text as event_slug
union all
  select 9::integer as legacy_registration_id, 9::integer as legacy_team_id, 9::integer as legacy_contact_id, 'u13'::text as division_name, 'Div2'::text as class_name, 'NB'::text as province, 'Registering tentatively.  Need to ensure my schedule doesn’t conflict with the dates.  '::text as note, 'approved'::text as status, 'spring-shootout-2025'::text as event_slug
union all
  select 36::integer as legacy_registration_id, 51::integer as legacy_team_id, 1::integer as legacy_contact_id, 'u12'::text as division_name, 'Div2'::text as class_name, 'PEI'::text as province, ''::text as note, 'withdrawn'::text as status, 'spring-shootout-2025'::text as event_slug
union all
  select 12::integer as legacy_registration_id, 12::integer as legacy_team_id, 12::integer as legacy_contact_id, 'u13'::text as division_name, 'Div2'::text as class_name, 'PEI'::text as province, 'Have travelled up to participate in Josh Whitty tourney last year in PEI as well as shootout in NB'::text as note, 'withdrawn'::text as status, 'spring-shootout-2025'::text as event_slug
union all
  select 7::integer as legacy_registration_id, 7::integer as legacy_team_id, 6::integer as legacy_contact_id, 'u11'::text as division_name, 'Div2'::text as class_name, 'NS'::text as province, 'Love coming to the island.'::text as note, 'approved'::text as status, 'spring-shootout-2025'::text as event_slug
union all
  select 6::integer as legacy_registration_id, 6::integer as legacy_team_id, 6::integer as legacy_contact_id, 'u11'::text as division_name, 'Div2'::text as class_name, 'NS'::text as province, 'We''d like to bring a two teams'::text as note, 'approved'::text as status, 'spring-shootout-2025'::text as event_slug
union all
  select 2::integer as legacy_registration_id, 2::integer as legacy_team_id, 2::integer as legacy_contact_id, 'u13'::text as division_name, 'Div4'::text as class_name, 'NS'::text as province, 'Hello, I spoke with Jason Macdonald on Facebook messenger to ask if it would be okay that we have 1 U14 aged player, who is newer to the game, play in the U13 division (assuming she is able to attend) We also have 1 U12 player on our roster. We are a brand new team and are looking for opportunities to travel and experience basketball in different provinces! Thank you for your consideration! '::text as note, 'approved'::text as status, 'spring-shootout-2025'::text as event_slug
union all
  select 15::integer as legacy_registration_id, 15::integer as legacy_team_id, 15::integer as legacy_contact_id, 'u12'::text as division_name, 'Div1'::text as class_name, 'NB'::text as province, 'N/A'::text as note, 'approved'::text as status, 'spring-shootout-2025'::text as event_slug
union all
  select 17::integer as legacy_registration_id, 17::integer as legacy_team_id, 16::integer as legacy_contact_id, 'u11'::text as division_name, 'Div2'::text as class_name, 'NS'::text as province, 'We are a new team'::text as note, 'approved'::text as status, 'spring-shootout-2025'::text as event_slug
union all
  select 16::integer as legacy_registration_id, 16::integer as legacy_team_id, 16::integer as legacy_contact_id, 'u13'::text as division_name, 'Div3'::text as class_name, 'NS'::text as province, 'We are a new team, at least half are U12.'::text as note, 'approved'::text as status, 'spring-shootout-2025'::text as event_slug
union all
  select 8::integer as legacy_registration_id, 8::integer as legacy_team_id, 8::integer as legacy_contact_id, 'u13'::text as division_name, 'Div1'::text as class_name, 'NB'::text as province, 'We are a young u13 team, but relatively competitive '::text as note, 'approved'::text as status, 'spring-shootout-2025'::text as event_slug
union all
  select 10::integer as legacy_registration_id, 10::integer as legacy_team_id, 6::integer as legacy_contact_id, 'u13'::text as division_name, 'Div2'::text as class_name, 'NS'::text as province, 'N/A'::text as note, 'approved'::text as status, 'spring-shootout-2025'::text as event_slug
union all
  select 11::integer as legacy_registration_id, 11::integer as legacy_team_id, 6::integer as legacy_contact_id, 'u13'::text as division_name, 'Div3'::text as class_name, 'NS'::text as province, 'NA'::text as note, 'approved'::text as status, 'spring-shootout-2025'::text as event_slug
union all
  select 19::integer as legacy_registration_id, 19::integer as legacy_team_id, 19::integer as legacy_contact_id, 'u12'::text as division_name, 'Div1'::text as class_name, 'NS'::text as province, ' '::text as note, 'approved'::text as status, 'spring-shootout-2025'::text as event_slug
union all
  select 1::integer as legacy_registration_id, 1::integer as legacy_team_id, 1::integer as legacy_contact_id, 'u11'::text as division_name, 'Div1'::text as class_name, 'PEI'::text as province, 'nothing'::text as note, 'approved'::text as status, 'spring-shootout-2025'::text as event_slug
union all
  select 39::integer as legacy_registration_id, 54::integer as legacy_team_id, 1::integer as legacy_contact_id, 'u13'::text as division_name, 'Division 1'::text as class_name, 'PEI'::text as province, ''::text as note, 'approved'::text as status, 'spring-shootout-2025'::text as event_slug
union all
  select 18::integer as legacy_registration_id, 18::integer as legacy_team_id, 18::integer as legacy_contact_id, 'u13'::text as division_name, 'Div1'::text as class_name, 'PEI'::text as province, 'nothing'::text as note, 'approved'::text as status, 'spring-shootout-2025'::text as event_slug
union all
  select 38::integer as legacy_registration_id, 53::integer as legacy_team_id, 1::integer as legacy_contact_id, 'u11'::text as division_name, 'Division 1'::text as class_name, 'PEI'::text as province, 'Team of grade 5’s all born in 2014'::text as note, 'approved'::text as status, 'spring-shootout-2025'::text as event_slug
union all
  select 31::integer as legacy_registration_id, 46::integer as legacy_team_id, 41::integer as legacy_contact_id, 'u13'::text as division_name, 'Div1'::text as class_name, 'PEI'::text as province, 'Summerside'::text as note, 'approved'::text as status, 'spring-shootout-2025'::text as event_slug
union all
  select 23::integer as legacy_registration_id, 25::integer as legacy_team_id, 1::integer as legacy_contact_id, 'u11'::text as division_name, 'Division 1'::text as class_name, 'PEI'::text as province, 'Head Coach is Doug Thompson - dougthompson34@hotmail.com'::text as note, 'approved'::text as status, 'spring-shootout-2025'::text as event_slug
union all
  select 24::integer as legacy_registration_id, 26::integer as legacy_team_id, 1::integer as legacy_contact_id, 'u12'::text as division_name, 'Div1'::text as class_name, 'PEI'::text as province, 'Head Coach - Peter Kelly'::text as note, 'approved'::text as status, 'spring-shootout-2025'::text as event_slug
) as data
join public.events e on e.slug = data.event_slug
join public.teams t on t.event_id = e.id and t.legacy_team_id = data.legacy_team_id
left join public.contacts c on c.legacy_contact_id = data.legacy_contact_id
on conflict (legacy_registration_id) do update
set
  event_id = excluded.event_id,
  team_id = excluded.team_id,
  primary_contact_id = excluded.primary_contact_id,
  division_name = excluded.division_name,
  class_name = excluded.class_name,
  province = excluded.province,
  note = excluded.note,
  status = excluded.status;

insert into public.team_contacts (
  legacy_team_contact_id,
  team_id,
  contact_id,
  role_id,
  created_at
)
select
  data.legacy_team_contact_id,
  t.id,
  c.id,
  r.id,
  data.created_at::timestamptz
from (
  select 1::integer as legacy_team_contact_id, 1::integer as legacy_team_id, 1::integer as legacy_contact_id, 1::integer as legacy_role_id, '2025-03-09 14:46:15.246524'::text as created_at
union all
  select 2::integer as legacy_team_contact_id, 2::integer as legacy_team_id, 2::integer as legacy_contact_id, 1::integer as legacy_role_id, '2025-03-09 14:46:15.246524'::text as created_at
union all
  select 3::integer as legacy_team_contact_id, 3::integer as legacy_team_id, 3::integer as legacy_contact_id, 1::integer as legacy_role_id, '2025-03-09 14:46:15.246524'::text as created_at
union all
  select 4::integer as legacy_team_contact_id, 6::integer as legacy_team_id, 6::integer as legacy_contact_id, 1::integer as legacy_role_id, '2025-03-09 14:46:15.246524'::text as created_at
union all
  select 5::integer as legacy_team_contact_id, 8::integer as legacy_team_id, 8::integer as legacy_contact_id, 1::integer as legacy_role_id, '2025-03-09 14:46:15.246524'::text as created_at
union all
  select 6::integer as legacy_team_contact_id, 9::integer as legacy_team_id, 9::integer as legacy_contact_id, 1::integer as legacy_role_id, '2025-03-09 14:46:15.246524'::text as created_at
union all
  select 7::integer as legacy_team_contact_id, 12::integer as legacy_team_id, 12::integer as legacy_contact_id, 1::integer as legacy_role_id, '2025-03-09 14:46:15.246524'::text as created_at
union all
  select 8::integer as legacy_team_contact_id, 15::integer as legacy_team_id, 15::integer as legacy_contact_id, 3::integer as legacy_role_id, '2025-03-09 14:46:15.246524'::text as created_at
union all
  select 9::integer as legacy_team_contact_id, 16::integer as legacy_team_id, 16::integer as legacy_contact_id, 5::integer as legacy_role_id, '2025-03-09 14:46:15.246524'::text as created_at
union all
  select 10::integer as legacy_team_contact_id, 18::integer as legacy_team_id, 18::integer as legacy_contact_id, 1::integer as legacy_role_id, '2025-03-09 14:46:15.246524'::text as created_at
union all
  select 11::integer as legacy_team_contact_id, 4::integer as legacy_team_id, 3::integer as legacy_contact_id, 1::integer as legacy_role_id, '2025-03-09 14:46:15.246524'::text as created_at
union all
  select 12::integer as legacy_team_contact_id, 5::integer as legacy_team_id, 3::integer as legacy_contact_id, 1::integer as legacy_role_id, '2025-03-09 14:46:15.246524'::text as created_at
union all
  select 13::integer as legacy_team_contact_id, 13::integer as legacy_team_id, 3::integer as legacy_contact_id, 1::integer as legacy_role_id, '2025-03-09 14:46:15.246524'::text as created_at
union all
  select 14::integer as legacy_team_contact_id, 14::integer as legacy_team_id, 3::integer as legacy_contact_id, 1::integer as legacy_role_id, '2025-03-09 14:46:15.246524'::text as created_at
union all
  select 15::integer as legacy_team_contact_id, 17::integer as legacy_team_id, 16::integer as legacy_contact_id, 5::integer as legacy_role_id, '2025-03-09 14:46:15.246524'::text as created_at
union all
  select 16::integer as legacy_team_contact_id, 7::integer as legacy_team_id, 6::integer as legacy_contact_id, 1::integer as legacy_role_id, '2025-03-09 14:46:15.246524'::text as created_at
union all
  select 17::integer as legacy_team_contact_id, 10::integer as legacy_team_id, 6::integer as legacy_contact_id, 3::integer as legacy_role_id, '2025-03-09 14:46:15.246524'::text as created_at
union all
  select 18::integer as legacy_team_contact_id, 11::integer as legacy_team_id, 6::integer as legacy_contact_id, 3::integer as legacy_role_id, '2025-03-09 14:46:15.246524'::text as created_at
union all
  select 19::integer as legacy_team_contact_id, 19::integer as legacy_team_id, 19::integer as legacy_contact_id, 1::integer as legacy_role_id, '2025-03-09 14:46:15.246524'::text as created_at
union all
  select 20::integer as legacy_team_contact_id, 26::integer as legacy_team_id, 30::integer as legacy_contact_id, 1::integer as legacy_role_id, '2025-03-09 14:46:15.246524'::text as created_at
union all
  select 21::integer as legacy_team_contact_id, 25::integer as legacy_team_id, 29::integer as legacy_contact_id, 1::integer as legacy_role_id, '2025-03-09 14:46:15.246524'::text as created_at
union all
  select 22::integer as legacy_team_contact_id, 26::integer as legacy_team_id, 29::integer as legacy_contact_id, 1::integer as legacy_role_id, '2025-03-09 14:46:15.246524'::text as created_at
union all
  select 23::integer as legacy_team_contact_id, 1::integer as legacy_team_id, 20::integer as legacy_contact_id, 2::integer as legacy_role_id, '2025-03-09 14:46:15.246524'::text as created_at
union all
  select 27::integer as legacy_team_contact_id, 46::integer as legacy_team_id, 41::integer as legacy_contact_id, 1::integer as legacy_role_id, '2025-03-12 14:08:04.758282'::text as created_at
union all
  select 28::integer as legacy_team_contact_id, 47::integer as legacy_team_id, 42::integer as legacy_contact_id, 1::integer as legacy_role_id, '2025-03-20 07:53:32.583406'::text as created_at
union all
  select 31::integer as legacy_team_contact_id, 50::integer as legacy_team_id, 45::integer as legacy_contact_id, 3::integer as legacy_role_id, '2025-03-29 14:25:05.148611'::text as created_at
union all
  select 32::integer as legacy_team_contact_id, 51::integer as legacy_team_id, 46::integer as legacy_contact_id, 1::integer as legacy_role_id, '2025-03-29 16:51:11.822142'::text as created_at
union all
  select 33::integer as legacy_team_contact_id, 52::integer as legacy_team_id, 47::integer as legacy_contact_id, 2::integer as legacy_role_id, '2025-03-31 10:53:57.16822'::text as created_at
union all
  select 34::integer as legacy_team_contact_id, 53::integer as legacy_team_id, 48::integer as legacy_contact_id, 3::integer as legacy_role_id, '2025-04-01 21:21:01.568028'::text as created_at
union all
  select 37::integer as legacy_team_contact_id, 51::integer as legacy_team_id, 44::integer as legacy_contact_id, 2::integer as legacy_role_id, '2025-04-10 11:20:01.174191'::text as created_at
union all
  select 38::integer as legacy_team_contact_id, 25::integer as legacy_team_id, 49::integer as legacy_contact_id, 1::integer as legacy_role_id, '2025-04-10 12:12:20.412949'::text as created_at
union all
  select 39::integer as legacy_team_contact_id, 54::integer as legacy_team_id, 18::integer as legacy_contact_id, 1::integer as legacy_role_id, '2025-04-28 10:13:57.626295'::text as created_at
) as data
join public.teams t on t.legacy_team_id = data.legacy_team_id
join public.contacts c on c.legacy_contact_id = data.legacy_contact_id
left join public.contact_roles r on r.legacy_role_id = data.legacy_role_id
on conflict (legacy_team_contact_id) do update
set
  team_id = excluded.team_id,
  contact_id = excluded.contact_id,
  role_id = excluded.role_id,
  created_at = excluded.created_at;

insert into public.email_templates (
  legacy_welcome_email_id,
  event_id,
  slug,
  subject,
  text_body,
  is_active
)
select
  data.legacy_welcome_email_id,
  e.id,
  data.slug,
  data.subject,
  data.text_body,
  true
from (
  select 1::integer as legacy_welcome_email_id, 'legacy-welcome-email-2025'::text as slug, 'Welcome to Spring Shootout 2025'::text as subject, 'Hi everyone,

Welcome to the second annual Spring Shootout 2025!

We’re gearing up for another great tournament. Registrations are rolling in, but we’re still looking for teams in the U11 and U12 divisions. If you know any teams that might be interested, please share our website: www.springshootout.ca.

A few important notes:
	•	Hotel bookings – Please hold off on booking accommodations for now. We’ll provide detailed booking instructions in early March.
	•	Payment – Team fees will be due by March 15. Payment instructions will be sent out next week.

Please note that this email does not guarantee entry into the tournament. Your spot will be secured once payment is received.

If you have any questions, feel free to reach out to me at jason@springshootout.ca.

Looking forward to an exciting tournament!

Best,
Jason MacDonald
Spring Shootout Tournament Organizer'::text as text_body, 'spring-shootout-2025'::text as event_slug
) as data
join public.events e on e.slug = data.event_slug
on conflict (legacy_welcome_email_id) do update
set
  event_id = excluded.event_id,
  slug = excluded.slug,
  subject = excluded.subject,
  text_body = excluded.text_body,
  is_active = excluded.is_active;

commit;
